São Paulo,10021295
Rio de Janeiro,6023699
Salvador,2711840
Fortaleza,2400000
Belo Horizonte,2373224
Brasília,2207718
Curitiba,1718421
Manaus,1598210
Recife,1478098
Belém,1407737
Porto Alegre,1372741
Goiânia,1171195
Guarulhos,1169577
Campinas,1031554
Nova Iguaçu,1002118
Maceió,954991
São Luís,917237
Duque de Caxias,818329
Natal,763043
Teresina,744512
São Bernardo do Campo,743372
Campo Grande,729151
Jaboatão,702621
Osasco,677856
Santo André,662373
João Pessoa,650883
Jaboatão dos Guararapes,630008
Contagem,627123
São José dos Campos,613764
Uberlândia,563536
Sorocaba,558862
Ribeirão Preto,551267
Cuiabá,521934
Aparecida de Goiânia,510770
Aracaju,490175
Feira de Santana,481911
Londrina,471832
Juiz de Fora,470193
Belford Roxo,466096
Joinville,461304
Niterói,456456
São João de Meriti,454849
Ananindeua,433956
Florianópolis,412724
Santos,411403
Ribeirão das Neves,406802
Vila Velha,394930
Serra,394153
Diadema,390633
Campos,387417
Mauá,386069
Betim,384000
Caxias do Sul,381270
São José do Rio Preto,374699
Olinda,366754
Carapicuíba,361112
Campina Grande,348936
Piracicaba,342209
Macapá,338936
Itaquaquecetuba,336679
Bauru,335024
Montes Claros,332379
Canoas,328291
Mogi das Cruzes,325746
São Vicente,324457
Jundiaí,321589
Pelotas,320674
Anápolis,319587
Vitória,312656
Maringá,311724
Guarujá,310424
Porto Velho,306180
Franca,305041
Blumenau,293949
Foz do Iguaçu,293523
Ponta Grossa,292177
Paulista,289971
Limeira,289665
Viamão,285269
Suzano,283314
Caucaia,275019
Petrópolis,272691
Uberaba,260843
Rio Branco,257642
Cascavel,52357
Novo Hamburgo,253841
Vitória da Conquista,253137
Barueri,251994
Taubaté,251641
Governador Valadares,250878
Praia Grande,250027
Várzea Grande,249752
Volta Redonda,249580
Santa Maria,249219
Santa Luzia,243503
Gravataí,238778
Caruaru,235371
Boa Vista,235150
Disney,234234
Ipatinga,228746
Sumaré,227977
Juazeiro do Norte,225230
Embu,221733
Imperatriz,218106
Colombo,217000
Taboão da Serra,214523
Jacareí,213110
Marília,212218
Presidente Prudente,209502
São Leopoldo,209229
Itabuna,205660
São Carlos,205035
Hortolândia,203533
Mossoró,202005
Itapevi,201748
Sete Lagoas,201334
São José,200000
Palmas,196272
Americana,196022
Petrolina,194650
Divinópolis,193832
Maracanaú,193529
Santarém,189047
Camaçari,188758
Santa Bárbara d'Oeste,188000
Rio Grande,187838
Cachoeiro de Itapemirim,187019
Itaboraí,182498
Rio Claro,180147
Indaiatuba,179911
Passo Fundo,179529
Cotia,174828
Francisco Morato,171790
Araçatuba,170024
Araraquara,168468
Ferraz de Vasconcelos,167900
Arapiraca,166562
Lages,164676
Barra Mansa,164052
Nossa Senhora do Socorro,163993
Dourados,162202
Criciúma,161954
Chapecó,160157
Barreiras,158292
Sobral,157996
Itajaí,155716
Ilhéus,155499
Angra dos Reis,153635
Nova Friburgo,153361
Rondonópolis,152912
Itapecerica da Serra,151605
Guarapuava,150850
Parnamirim,150343
Nilópolis,147281
Poços de Caldas,146588
Marabá,145860
Luziânia,143601
Cabo,143105
Macaé,143029
Ibirité,141374
Lauro de Freitas,141280
Paranaguá,141013
Parnaíba,138008
Itu,137586
Castanhal,137406
São Caetano do Sul,136453
Queimados,135741
Pindamonhangaba,132218
Sapucaia,130937
Jaraguá do Sul,130130
Mogi Guaçu,128865
Jequié,127475
Itapetininga,126243
Patos de Minas,126234
Bragança Paulista,125096
Timon,124427
São José dos Pinhais,124224
Teresópolis,123979
Uruguaiana,123480
Porto Seguro,123173
Alagoinhas,122688
Palhoça,122423
Barbacena,122211
Cachoeirinha,121084
Santa Rita,119893
Jaú,119206
Cubatão,118410
Pinhais,117000
Simões Filho,116662
Varginha,116571
Pouso Alegre,115201
Botucatu,113862
Jandira,113605
Ribeirão Pires,111888
Conselheiro Lafaiete,111596
Resende,111514
Araucária,111302
Atibaia,110968
Várzea Paulista,110936
Garanhuns,110085
Araruama,109637
Catanduva,109612
Franco da Rocha,108858
Cabo Frio,108239
Araras,107463
Poá,107432
Vitória de Santo Antão,107383
Apucarana,107085
Santa Cruz do Sul,106113
Guaratinguetá,105880
Linhares,105075
Araguaína,105019
Esmeraldas,103206
Birigui,102277
Barretos,101220
Colatina,101190
Teófilo Otoni,101170
Guaíba,101024
Guarapari,100925
Coronel Fabriciano,100916
Itaguaí,100752
Itabira,99496
Votorantim,99390
Sertãozinho,99211
Santana de Parnaíba,98989
Bagé,98940
Passos,98752
Salto,98387
Toledo,97845
Ubá,97828
Ourinhos,97799
Trindade,97521
Arapongas,97512
Araguari,96565
Corumbá,96520
Erechim,96087
Japeri,95101
Vespasiano,94749
Campo Largo,94668
Tatuí,93580
Patos,92575
Timóteo,91722
Muriaé,91173
Cambé,91080
Bayeux,91056
Bento Gonçalves,90852
Caraguatatuba,90843
Itanhaém,90385
Santana do Livramento,89694
Umuarama,89687
Almirante Tamandaré,89499
Planaltina,88853
Crato,88786
Valinhos,88630
São Lourenço da Mata,88416
Nova Lima,88399
Brusque,88284
Barra do Piraí,87668
Assis,87471
Alegrete,87236
Caieiras,87188
Igarassu,86457
Paulo Afonso,85350
Ituiutaba,85345
Esteio,84902
Sarandi,84697
Itaperuna,84435
Santana,83927
Codó,83288
Araxá,82595
Abreu e Lima,81959
Itajubá,81870
Lavras,81472
Avaré,81285
Formosa,81232
Leme,81209
Itumbiara,79582
Maricá,79551
Ubatuba,79007
Três Lagoas,78712
São João del Rei,78592
Mogi Mirim,78244
Abaetetuba,78050
São Bento do Sul,77597
Itaúna,77400
São Mateus,77117
Jataí,76547
São João da Boa Vista,76540
Lorena,76506
Santa Cruz do Capibaribe,76450
São Sebastião,76367
Tucuruí,76337
Embu Guaçu,76310
Sapiranga,76051
Pará de Minas,75786
Campo Mourão,75401
Cachoeira do Sul,74694
Santo Antônio de Jesus,73957
Paranavaí,72848
João Monlevade,72762
Matão,72468
Bacabal,72372
Caçapava,72340
Arujá,72077
Cruzeiro,72022
Patrocínio,71963
Três Rios,71944
Bebedouro,71862
São Cristóvão,71539
Alfenas,71406
Ijuí,71202
Altamira,70888
Paracatu,70753
Carpina,70689
Iguatu,70380
Votuporanga,69863
Paragominas,69613
Lins,69451
Jaboticabal,69394
Viçosa,68680
Balsas,68056
Itatiba,67934
Santa Inês,67424
Tubarão,67245
Pato Branco,65754
Paulínia,65595
Lajeado,65407
Cruz Alta,65275
Aquiraz,65116
Itacoatiara,64937
Gurupi,64789
Itaituba,64756
Santo Ângelo,64606
Parintins,64428
Curvelo,63954
Itabaiana,63888
Caçador,63726
Ouro Preto,63678
Caldas Novas,63675
Irecê,63626
Catalão,63544
Três Corações,63457
Rio Largo,63387
Valença,61144
Vilhena,63231
Peruíbe,63030
Itapeva,62957
Cataguases,62618
Saquarema,62056
Tupã,62035
Fernandópolis,61931
Senador Canedo,61800
Itapira,61607
Gravatá,61249
Pirassununga,60413
Unaí,60202
Caratinga,60066
Itapetinga,59721
Mococa,59654
São Borja,59613
Carazinho,59417
Santa Rosa,58957
Telêmaco Borba,58880
Guanambi,58877
Aracruz,58271
Ariquemes,58096
Farroupilha,57650
Francisco Beltrão,57618
Picos,57495
Lençóis Paulista,57375
São Sebastião do Paraíso,57238
Bragança,57163
Arcoverde,57163
Vacaria,56765
Cajamar,56682
Janaúba,56572
Vinhedo,56492
Formiga,56404
Cianorte,55994
Nova Viçosa,55980
Itapipoca,55784
Ponta Porã,55763
Estância,55654
Cacoal,55560
São Gabriel,55434
Concórdia,55367
Pacatuba,55291
Viana,55122
São Pedro da Aldeia,55014
Caicó,54934
Seropédica,54846
Cabedelo,54839
Manhuaçu,54607
Penápolis,54477
Mairiporã,54415
Ipojuca,53364
Campos do Jordão,53319
Camaquã,53169
Crateús,52933
Manacapuru,52459
Andradina,52406
Barra do Garças,52398
Biguaçu,51992
Batatais,51976
Rio do Sul,51944
Pirapora,51656
Içara,51454
Bezerros,51436
Serra Talhada,51203
Horizonte,51171
Rolândia,51004
Marechal Deodoro,50571
São Roque,50540
Coari,50490
Taquaritinga,50098
Belo Jardim,49922
Benevides,49794
Nova Odessa,49432
Quixadá,49328
Pedro Leopoldo,49261
Porto Ferreira,49127
Balneário Camboriú,49100
Serrinha,49078
Ibitinga,49074
Barra do Corda,48901
Congonhas,48819
Boituva,48750
União da Vitória,48741
Floriano,48587
Parobé,48559
Senhor do Bonfim,48471
Ponte Nova,48187
Escada,48083
Taquara,48051
Sousa,47927
Guaxupé,47889
Goianésia,47883
Cruz das Almas,47844
Navegantes,47781
Cosmópolis,47772
Capanema,47766
Jacobina,47637
Itamaraju,47628
Campo Belo,47491
Itaberaba,47301
São José do Rio Pardo,46989
Santo Amaro,46748
Leopoldina,46742
Rio das Ostras,46618
Santiago,46611
Breves,46473
Cachoeiras de Macacu,46177
Mongaguá,45930
Irati,45830
Registro,45697
Tianguá,45696
Lagarto,45445
Moreno,45237
Mariana,45236
Cametá,45200
Olímpia,45199
Timbaúba,45121
Tefé,44942
Piripiri,44864
Itararé,44809
Ibiporã,44790
Orlândia,44766
Camocim,44481
Mairinque,44456
Indaial,44359
Aracati,44293
Inhumas,44058
Monte Carmelo,44041
Goiana,43980
Cajazeiras,43913
Jales,43831
Três Pontas,43749
Guarabira,43749
Imbituba,43450
Araranguá,43444
Lagoa da Prata,43118
Marechal Cândido Rondon,43028
Canindé,42720
São Joaquim da Barra,42720
Videira,42440
Limoeiro,42328
Salgueiro,42152
Penedo,42097
Castro,42091
Brumado,41989
Rio Negrinho,41914
Pesqueira,41896
Monte Alto,41893
Palmares,41679
Santos Dumont,41582
Pacajus,41558
Jaguaquara,41498
Amparo,41497
