Madrid,3255944
Barcelona,1621537
Valencia,814208
Sevilla,703206
Zaragoza,674317
Málaga,568305
Murcia,436870
Palma,401270
Las Palmas de Gran Canaria,381847
Bilbao,354860
Alicante,334757
Córdoba,328428
Valladolid,317864
Vigo,297332
Gijón,277554
Eixample,262485
L'Hospitalet de Llobregat,257038
A Coruña,246056
Vitoria-Gasteiz,235661
Granada,234325
Elche,230112
Oviedo,224005
Santa Cruz de Tenerife,222417
Sant Martí,221029
Badalona,219547
Cartagena,211996
Terrassa,210941
Jerez de la Frontera,207532
Sabadell,206493
Móstoles,206478
Alcalá de Henares,204574
Pamplona,198491
Fuenlabrada,197836
Almería,188810
Leganés,186066
San Sebastián,185357
Santander,182700
Castelló de la Plana,180005
Burgos,178966
Albacete,169716
Alcorcón,167967
Getafe,167164
Nou Barris,164981
Salamanca,155619
Logroño,152107
La Laguna,150661
Huelva,148806
Badajoz,148334
Tarragona,140323
Lleida,135919
Marbella,134623
León,134305
Cadiz,126766
Dos Hermanas,122943
Mataró,121722
Santa Coloma de Gramenet,119717
Torrejón de Ardoz,118162
Jaén,116557
Algeciras,116209
Parla,115611
Ciutat Vella,111290
Delicias,110520
Alcobendas,109104
Ourense,107742
Reus,107118
Torrevieja,101792
Telde,100015
Barakaldo,98460
Lugo,96678
San Fernando,96366
Girona,96188
Santiago de Compostela,95092
Cáceres,93131
Lorca,91906
Coslada,90280
Talavera de la Reina,88856
El Puerto de Santa María,87696
Cornellà de Llobregat,86519
Las Rozas de Madrid,86340
Orihuela,86164
Avilés,84242
El Ejido,84227
Guadalajara,83039
Roquetas de Mar,82665
Palencia,82651
Algorta,82624
Sant Boi de Llobregat,82428
Pozuelo de Alarcón,82428
Toledo,82291
Pontevedra,81576
Getxo,80770
Gandia,80020
Sant Cugat del Vallès,79253
Ceuta,78674
Arona,78614
Torrent,78543
Chiclana de la Frontera,77293
Manresa,76558
San Sebastián de los Reyes,75912
Ferrol,74273
Vélez-Málaga,74190
Ciudad Real,74014
Mijas,73787
Melilla,73460
Rubí,72987
Fuengirola,71482
Benidorm,71034
Alcalá de Guadaira,70155
Ponferrada,68736
Vaciamadrid,68405
Majadahonda,68110
Zamora,66293
Sagunto,66070
Vilanova i la Geltrú,65890
Sanlúcar de Barrameda,65805
Estepona,65592
Torremolinos,65448
La Línea de la Concepción,64595
Molina de Segura,64065
Paterna,64023
Santa Lucía,63637
Viladecans,63489
El Prat de Llobregat,63418
Valdemoro,62750
Groa de Murviedro,62368
Castelldefels,62080
Alcoy,61552
Linares,61338
Irun,60951
Granollers,60658
Motril,60279
Santutxu,60000
Arrecife,59127
Benalmádena,58854
Cerdanyola del Vallès,58747
Ávila de los Caballeros,56855
Segovia,56660
Mérida,56395
Torrelavega,55947
Cuenca,55866
Elda,55168
Collado-Villalba,55027
Aranjuez,54055
San Vicent del Raspeig,53126
Mollet del Vallès,52484
San Bartolomé,18517
Huesca,52059
Puertollano,51842
Calvià,51774
Arganda,51489
Vila-real,51205
Pola de Siero,51181
Utrera,50665
Ibiza,48684
Portugalete,48105
Santurtzi,46978
Esplugues de Llobregat,46862
Gavà,45994
Sama,45565
Antequera,45168
Alzira,44690
Denia,44464
Mieres,44070
Llefià,43827
Mislata,43756
Colmenar Viejo,43700
Pinto,43501
Boadilla del Monte,43414
Figueres,43330
Adeje,43204
Sant Feliu de Llobregat,42919
Basauri,42657
Lucena,42248
La Orotava,41171
Plasencia,41148
Alcantarilla,41084
San Fernando de Henares,40981
Mairena del Aljarafe,40700
Manacor,40548
Écija,40400
Puerto Real,40183
Blanes,40047
Granadilla de Abona,39993
Vic,39844
Soria,39528
Lloret de Mar,39363
Miranda de Ebro,39264
Andújar,39111
Igualada,38918
Errenteria,38767
Rincón de la Victoria,38666
Burjassot,38433
Vilafranca del Penedès,38425
Tomelloso,38095
Ontinyent,37735
Narón,37712
Vilagarcía de Arousa,37576
Los Realejos,37559
Ripollet,37088
Ronda,36827
Los Palacios y Villafranca,36824
Arucas,36259
Llucmajor,36078
Realejo Alto,35963
La Rinconada,35928
El Vendrell,35821
Don Benito,35791
Puerto del Rosario,35667
Úbeda,35649
Teruel,35396
Villena,35222
Mazarrón,35221
Cieza,35200
Tortosa,35143
Alhaurín de la Torre,35114
Yecla,35025
Tudela,34717
Burriana,34565
Águilas,34533
Villajoyosa,33797
Sant Adrià de Besòs,33761
Almendralejo,33588
Olot,33524
Montcada i Reixac,33453
Oleiros,33443
Marratxí,33348
Aranda de Duero,32928
Azuqueca de Henares,32744
Puerto de la Cruz,32219
Sant Joan Despí,32030
Galapagar,31820
Santa Pola,31760
Cambrils,31720
Castro-Urdiales,31670
Javea,31593
Torre-Pacheco,31495
San Javier,31432
Camargo,31404
Santa Eulària des Riu,31314
Arcos de la Frontera,31210
Valdepeñas,31147
Barberà del Vallès,31144
Carballo,30990
Hellín,30976
San Andrés del Rabanedo,30906
Xirivella,30691
Alcázar de San Juan,30675
Manises,30508
Alaquàs,30392
"Oliver-Valdefierro, Oliver, Valdefierro",30228
Leioa,30079
Puente-Genil,30033
Redondela,30001
Puerto del Carmen,30000
Pinar de Chamartín,30000
Salt,29985
Aldaia,29914
Arteixo,29762
Calp,29666
Sestao,29476
Xàtiva,29386
Ingenio,29319
Inca,29308
San Roque,29249
Galdakao,29226
Totana,29211
Ciutadella,29160
Maó,29125
Agüimes,28924
Sueca,28908
Crevillente,28609
Rota,28516
Morón de la Frontera,28455
Oliva,28419
Sant Pere de Ribes,28353
Carmona,28344
Algemesí,28308
Vinaròs,28273
Durango,28229
Culleredo,28227
Coria del Río,28100
Sant Vicenç dels Horts,27701
Almuñécar,27696
Sitges,27668
Ribeira,27518
Eibar,27419
Premià de Mar,27399
Novelda,27135
Catarroja,27035
Amés,26983
Martorell,26681
Benicarló,26655
Salou,26649
Villarrobledo,26642
Níjar,26516
el Campello,26511
Villaviciosa de Odón,26475
Lebrija,26434
Caravaca,26415
Sant Andreu de la Barca,26401
Pineda de Mar,26203
Camas,26015
Marín,25969
Lepe,25886
Villanueva de la Serena,25838
Almozara,25767
Cangas,25748
Almansa,25727
Onda,25691
Jumilla,25685
Quart de Poblet,25499
Valls,25092
Santa Perpètua de Mogoda,25048
Almassora,24963
Iturrama,24846
Calahorra,24787
Martos,24655
Alpujarra Granadina,24558
Gáldar,24405
Adra,24373
Candelaria,24319
Calafell,24265
Erandio,24262
Cullera,24121
Ibi,24113
Molins de Rei,24067
Icod de los Vinos,24024
Montilla,23840
Altea,23780
San Pedro del Pinatar,23738
Tacoronte,23562
Paiporta,23519
Priego de Córdoba,23513
Baza,23359
Alhaurín el Grande,23319
Olesa de Montserrat,23301
Cambre,23231
Ponteareas,23172
Castellar del Vallès,23002
Barbate de Franco,22912
Castrillón,22894
Vícar,22853
Alcalá la Real,22783
Tomares,22772
Llíria,22706
Zarautz,22627
Primer Ensanche,22538
Segundo Ensanche,22538
Muchamiel,22510
Mejorada del Campo,22488
Alboraya,22405
Palafrugell,22365
Los Barrios,22311
El Masnou,22288
Sant Josep de sa Talaia,22171
Ciempozuelos,22132
Barañáin,22110
Arrasate,22064
Pilar de la Horadada,22050
La Oliva,21996
Sant Feliu de Guíxols,21977
San Juan de Alicante,21939
Calatayud,21933
Moncada,21900
A Estrada,21880
Coín,21866
Esparreguera,21855
Sant Antoni de Portmany,21852
Nerja,21811
Almonte,21782
Torrelodones,21781
Laguna de Duero,21762
Carcaixent,21735
Mogán,21690
Palma del Río,21588
Navalcarnero,21584
Loja,21574
Medina del Campo,21540
Armilla,21380
Cabra,21352
Isla Cristina,21324
Cártama,21313
Requena,21278
Illescas,21264
Lalín,21254
Amposta,21240
Las Torres de Cotillas,21062
l'Alfàs del Pi,21011
Conil de la Frontera,20984
Baena,20915
Vila-seca,20866
Alfafar,20853
Pájara,20821
Maracena,20815
San Juan de Aznalfarache,20779
Los Llanos de Aridane,20766
Bétera,20740
Manlleu,20647
Guía de Isora,20536
Rojales,20510
Mairena del Alcor,20510
Ribarroja,20468
La Pobla de Vallbona,20431
Guadix,20395
Ayamonte,20334
Algete,20204
Roses,20197
Aspe,20180
Figueras,20000
Montecanal,20000
Alhama de Murcia,19860
Tías,19849
Picassent,19786
Marchena,19768
Moguer,19569
Monforte de Lemos,19546
Vilassar de Mar,19482
Teguise,19418
Lora del Río,19352
Hernani,19289
El Arahal,19248
Manzanares,19186
Santa Brígida,19154
Almoradí,19147
Benavente,19119
Alcúdia,19071
Puçol,19018
Moaña,19014
Silla,18979
Boiro,18883
Bailén,18785
Calella,18627
Bormujos,18590
Chipiona,18583
Daimiel,18527
Malgrat de Mar,18472
Sant Quirze del Vallès,18462
El Viso del Alcor,18351
Banyoles,18327
Llodio,18314
Felanitx,18270
San Martín de la Vega,18256
Archena,18202
Tavernes de la Valldigna,18195
Burlata,18178
Palamós,18161
Benicàssim,18098
Humanes de Madrid,18098
Tolosa,18044
Nigrán,18021
Aljaraque,17960
Callosa de Segura,17924
Cartaya,17905
San Lorenzo de El Escorial,17889
la Nucia,17874
Osuna,17851
Amorebieta-Etxano,17842
Oria,17842
Teo,17807
Zubia,17803
Tarifa,17793
Lasarte,17782
La Unión,17737
Utebo,17677
Pozoblanco,17669
Güimar,17662
Huércal-Overa,17645
Parets del Vallès,17632
Porriño,17475
El Astillero,17360
Ejea de los Caballeros,17331
Sanxenxo,17315
Vilaseca,17305
La Pineda,17305
Tui,17262
Pollença,17260
Navalmoral de la Mata,17228
Ermitagaña,17163
Berga,17160
Playa del Ingles,17158
Castilleja de la Cuesta,17150
Albolote,17089
Santa Cruz de la Palma,17084
Monzón,17042
Villaquilambre,17013
Ubrique,16979
Mula,16941
Bermeo,16937
Barbastro,16924
Torrox,16890
Caldes de Montbui,16885
Sant Celoni,16860
Villanueva de la Cañada,16804
Balaguer,16779
Cardedeu,16596
L'Eliana,16552
Tàrrega,16539
La Solana,16511
Las Cabezas de San Juan,16464
